"Site No","7Net","WIN","Site Name","Class","EPP","Y1","Y2","Jan","Feb","Mar","Apr","May","Jun","Jul","Aug","Sep","Oct","Nov","Dec","Department"
"2015","","2015D","Brokers Nose","B","Y","","","","","Annual PM","","","","","","6 Monthly PM","","","","SYDNEY"
"2023","","","Condobolin","D","","","","","","","","","","","","","Annual PM","","","SYDNEY"
"2028","","","Cumnock MF","B","Y","","","","Quarterly ACU","","","6 Monthly PM","","","Quarterly ACU","","","Annual PM","","SYDNEY"
"2040","","","Gore Hill","A+","Y","x","x","Monthly PM","Monthly PM","6 Monthly PM","Monthly PM","Monthly PM","Quarterly PM","Monthly PM","Monthly PM","Annual PM","Monthly PM","Monthly PM","Quarterly PM","SYDNEY"
"2049","","2049D","Mt Cumbermelon","D","Y","","","EPP","","","EPP","","","Annual PM","","","EPP","","","SYDNEY"
"2052","","","Knights Hill","A","Y","","","EPP","EPP","Annual PM","EPP","EPP","Quarterly PM","EPP","EPP","6 Monthly PM","EPP","EPP","Quarterly PM","SYDNEY"
"2058","","2118D","Littleton","C","","","","","","","","","","","Annual PM","","","","","SYDNEY"
"2059","","","Lithgow MF","C","","","","","","","","","","","Annual PM","","","","","SYDNEY"
"2060","","","Liverpool MF","A+","Y","x","x","EPP","6 Monthly PM","EPP","EPP","Quarterly PM","EPP","EPP","Annual PM","Monthly PM","EPP","Quarterly PM","EPP","SYDNEY"
"2067","","","Gaanha bula Mt Canobolas","B","Y","","","EPP","","","Annual PM","","","EPP","","","6 Monthly PM","","","SYDNEY"
"2070","","","Mt Gibraltar WIN","C","Y-W","X","","","","","Annual PM","","","","","","","","","SYDNEY"
"2078","","","Mt Panorama RT","C","","","","","","","","","","","Annual PM","","","","","SYDNEY"
"2083","","","Endicotts Hill","D","Y","","","EPP","","","EPP","","","Annual PM","","","EPP","","","SYDNEY"
"2088","","","North Head","B","Y","x","","","","6 Monthly PM","","","","","","Annual PM","","","","SYDNEY"
"2090","","2090D","Cambewarra Lookout","D","Y","X","","","","Annual PM","","","","","","","","","","SYDNEY"
"2093","","2093D","Garlands Hill","D","","","","","","","","","","","","","","Annual PM","","SYDNEY"
"2099","","2052D","Stanwell Park WIN","D","","","","","","Annual PM","","","","","","","","","","SYDNEY"
"2106","","","Basin View MF","B","Y","","","","Annual PM","","","Quarterly ACU","","","6 Monthly PM","","","Quarterly ACU","","SYDNEY"
"2110","","2110D","Little Forest Trig","C","Y","","","","","Annual PM","","","","","","","","","","SYDNEY"
"2116","","","Windang Town MF","B","Y","","","","Annual PM","","","Quarterly ACU","","","6 Monthly PM","","","Quarterly ACU","","SYDNEY"
"2119","","21190","Vale Of Clwydd","D","","","","","","","","","","","Annual PM","","","","","SYDNEY"
"2130","","","Windang Peninsula MF","C","","","","","Annual PM","","","Quarterly ACU","","","Quarterly ACU","","","Quarterly ACU","","SYDNEY"
"2134","","","Prospect MF","C","Y","x","","Quarterly ACU","","","Quarterly ACU","","","Quarterly ACU","","","Annual PM","","","SYDNEY"
"2136","","","Artarmon TXA","A+","","","","","","6 Monthly PM","","","Quarterly PM","","","Annual PM","","","Quarterly PM","SYDNEY"
"2144","","","Bicentennial Park MF","A","Y","x","","EPP#","EPP#","6 Monthly PM","EPP#","EPP#","Quarterly PM","EPP#","EPP#","Annual PM","EPP#","EPP#","Quarterly PM","SYDNEY"
"2159","","2159D","Bellevue Hill WIN","D","","","","","","","","","Annual PM","","","","","","","SYDNEY"
"2160","2787","","Falls Hill","D","","","","","","","","","","","","","","Annual PM","","SYDNEY"
"2170","","2079D","Bathurst East WIN","D","Y-W","","","","","","","","","","Annual PM","","","","","SYDNEY"
"2255","","","Terrey Hills","D","","","","Annual PM","","","","","","","","","","","","SYDNEY"
"2257","","","Elan","B","","","","","","6 Monthly PM","","","","","","Annual PM","","","","SYDNEY"
"2290","","","Shooters Hill WIN","D","","","","","","Annual PM","","","","","","","","","","SYDNEY"
"2472","2869","","Peak Hill RT","E","","","","","","","","","","","","","Annual PM","","","SYDNEY"
"2601","","2083D","Endicotts Hill WIN","D","Y-W","","","","","","","","","Annual PM","","","","","","SYDNEY"
"2602","","","Eugowra RBAH","R","","","","","","","","","Annual PM","","","","","","","SYDNEY"
"2604","","","Grenfell RBAH","R","","","","","","","","","Annual PM","","","","","","","SYDNEY"
"2609","","2226D","Knights Hill WIN","A","Y-W","","","","","Annual PM","","","Quarterly PM","","","6 Monthly PM","","","Quarterly PM","SYDNEY"
"2612","","2067D","Gaanha bula Mt Canobolas Seven","B","Y-S","","","","","","Annual PM","","","","","","6 Monthly PM","","","SYDNEY"
"2621","","2023D","Condobolin Hospital Hill","D","","","","","","","","","","","","","Annual PM","","","SYDNEY"
"2685","2850","","Mudgee Town RBAH","E","","","","","","","","","","Annual PM","","","","","","SYDNEY"
"2687","","2571D","Razorback Range","A","Y-W","","","Quarterly PM","","","6 Monthly PM","","","Quarterly PM","","","Annual PM","","","SYDNEY"
"2695","","","Mt Kembla RBAH","E","","","","","","Annual PM","","","","","","","","","","SYDNEY"
"1127","","","Mobile Broadcast Asset No. 4","","","","","","","","","","","","","","","Quarterly PM","","ADELAIDE"
"2014","","","Broken Hill MF","B","","","","","","Annual PM","","","","","","","Quarterly ACU","","","ADELAIDE"
"2062","","","Menindee","D","","","","","","Annual PM","","","","","","","","","","ADELAIDE"
"2095","","","Rocky Hill","C","","","","","","Annual PM","","","","","","","","","","ADELAIDE"
"2113","","","Wilcannia","D","","","","","","Annual PM","","","","","","","","","","ADELAIDE"
"2114","","","Wilcannia MF","D","","","","","","Annual PM","","","","","","","","","","ADELAIDE"
"2295","","","Rocky Hill SCB","C","","","","","","Annual PM","","","","","","","","","","ADELAIDE"
"2337","","","Wilcannia Council","D","","","","","","Annual PM","","","","","","","","","","ADELAIDE"
"3008","","","Dooen MF","B","","","","","","6 Monthly PM","","","","","","Annual PM","","","","ADELAIDE"
"3027","","","Mt Arapiles RT","C","","","","","","","","","Annual PM","","","","","","","ADELAIDE"
"3033","","","Mt Lawloit RT","D","","","","","","","","","","","Annual PM","","","","","ADELAIDE"
"3080","","","Hopetoun","D","","","","","","","Annual PM","","","","","","","","","ADELAIDE"
"3132","","","Horsham","D","","","","","","","","","Annual PM","","","","","","","ADELAIDE"
"3141","","","Hopetoun SCA","D","","","","","","","Annual PM","","","","","","","","","ADELAIDE"
"3234","","","Ouyen RBAH","E","","","","","","","Annual PM","","","","","","","","","ADELAIDE"
"3236","","","Walpeup RBAH","E","","","","","","","Annual PM","","","","","","","","","ADELAIDE"
"3237","","","Warracknabeal RBAH","E","","","","","","","","","","","","Annual PM","","","","ADELAIDE"
"5001","","","Andamooka RT","D","","","","","","","","","","","","Annual PM","","","","ADELAIDE"
"5002","","","Berri MF","C","","","","","Annual PM","","","","","Quarterly ACU","","","","","","ADELAIDE"
"5003","","","Bordertown RT","D","","","","","","","","","","","Annual PM","","","","","ADELAIDE"
"5004","","","Borthwick Hill RT","D","","","","","","","Annual PM","","","","","","","","","ADELAIDE"
"5005","","","Coffin Bay Lookout","D","","","","","","","Annual PM","","","","","","","","","ADELAIDE"
"5006","","","Coober Pedy RT","D","","","","","","","","","","Annual PM","","","","","","ADELAIDE"
"5007","","","Crystal Brook MF","B","","","","","","Quarterly ACU","","","","","Annual PM","","","","","ADELAIDE"
"5008","","","Grenfell Centre","C","","","","","","","","","","","Annual PM","","","","","ADELAIDE"
"5009","","","Hawker","D","","","","","","","","Annual PM","","","","","","","","ADELAIDE"
"5010","","","Keith RT","D","","","","","","","","","","","Annual PM","","","","","ADELAIDE"
"5011","","","Kongwirra RT","D","","","","","","","","","Annual PM","","","","","","","ADELAIDE"
"5012","","","Leigh Creek MF","D","","","","","","","","Annual PM","","","","","","","","ADELAIDE"
"5013","","","Loxton","B","","","","","Annual PM","","","","","6 Monthly PM","","","","","","ADELAIDE"
"5014","","","Marree","D","","","","","","","","Annual PM","","","","","","","","ADELAIDE"
"5015","","","Mt Burr","B","","","","","Annual PM","","","","","","6 Monthly PM","","","","","ADELAIDE"
"5016","","","Mt Damper","D","","","","","","","","","","Annual PM","","","","","","ADELAIDE"
"5017","","","Mt Gambier MF","C","","","","","","","","Annual PM","","","","","","","Quarterly ACU","ADELAIDE"
"5018","","","Mt Lofty","A","","","","Monthly PM","Monthly PM","6 Monthly PM","Monthly PM","Monthly PM","Quarterly PM","Monthly PM","Monthly PM","Annual PM","Monthly PM","Monthly PM","Quarterly PM","ADELAIDE"
"5019","","","Mt Olinthus","D","","","","","","","Annual PM","","","","","","","","","ADELAIDE"
"5020","","","Naracoorte MF","B","","","","","","","","Annual PM","","","","","","","Quarterly ACU","ADELAIDE"
"5021","","","Pimpala MF","A","","","","","","Quarterly PM","","","Annual PM","","","Quarterly PM","","Quarterly ACU","","ADELAIDE"
"5022","","","Port Lincoln MF","D","","","","","","","","Annual PM","","","","","","6 Monthly PM","","ADELAIDE"
"5023","","","Quorn","D","","","","","Annual PM","","","","","","","","","","","ADELAIDE"
"5024","","","Roxby Downs RT","D","","","","","","","","","","","","Annual PM","","","","ADELAIDE"
"5025","","","Streaky Bay MF","D","","","","","","","","","Annual PM","","","","","Quarterly ACU","","ADELAIDE"
"5027","","","The Bluff","B","","","","","","","6 Monthly PM","","","","","","Annual PM","","","ADELAIDE"
"5029","","","Watertank Hill RT","D","","","","6 Monthly PM","","","","","","Annual PM","","","","","","ADELAIDE"
"5030","","","Winter Hill RT","D","","","","","","","","Annual PM","","","","","","","","ADELAIDE"
"5031","","","Wirrulla RT","D","","","","","","","","","Annual PM","","","","","","","ADELAIDE"
"5032","","","Woomera MF","D","","","","Quarterly ACU","","","","","","Annual PM","","","","","","ADELAIDE"
"5034","","","Newland Hill","D","","","","","","","","","","","","","Annual PM","","","ADELAIDE"
"5036","","","Caralue Bluff","D","","","","","","","","","","Annual PM","","","","","","ADELAIDE"
"5038","","","Wingfield MF","A","","","","Quarterly PM","","","Annual PM","","","Quarterly PM","","","Quarterly ACU","","","ADELAIDE"
"5039","","","Burra","D","","","","","","","","","","","","","Annual PM","","","ADELAIDE"
"5040","","","Lameroo RT","D","","","","","","","","","","Annual PM","","","","","","ADELAIDE"
"5041","","","Pinnaroo RT","D","","","","","","","","","","Annual PM","","","","","","ADELAIDE"
"5046","","","SA Water House","D","","","","","","","","","","","Annual PM","","","","","ADELAIDE"
"5047","","","Mt Benson WIN","D","","","","","","","","Annual PM","","","","","","","","ADELAIDE"
"5049","","","Ramco Heights WIN","D","","","","","","","","","","","","","","Annual PM","","ADELAIDE"
"5050","","","Blackwell Road","D","","","","","","","","Annual PM","","","","","","","","ADELAIDE"
"5060","","","Mt Lofty TXA","A","","","","","","6 Monthly PM","","","Quarterly PM","Annual PM","","Annual PM","","","Quarterly PM","ADELAIDE"
"5064","","","Holden Hill","D","","","","","","Annual PM","","","","","","","","","","ADELAIDE"
"5066","","","Bordertown WIN","D","","","","","","","","","","","Annual PM","","","","","ADELAIDE"
"5067","","","Keith WIN","D","","","","","","","","","","","Annual PM","","","","","ADELAIDE"
"5068","","","The Gap WIN","D","","","","","","","","","","","Annual PM","","","","","ADELAIDE"
"5069","","","Karte WIN","D","","","","","","","","","","Annual PM","","","","","","ADELAIDE"
"5072","","","Clare","D","","","","","","","","","","Annual PM","","","","","","ADELAIDE"
"5073","","","Craigmore","D","","","","","","","Annual PM","","","","","","","","","ADELAIDE"
"5078","","","Coober Pedy Imparja","D","","","","","","","","","","Annual PM","","","","","","ADELAIDE"
"5080","","","Mt Lofty NWS","A","","","","","","6 Monthly PM","","","Quarterly PM","","","Annual PM","","","Quarterly PM","ADELAIDE"
"5081","","","Burra IBL","D","","","","","","","","","","","","","Annual PM","","","ADELAIDE"
"5086","","","Roxby Downs Imparja","D","","","","","","","","","","","","Annual PM","","","","ADELAIDE"
"5087","","","Smith Street","D","","","","","","","","Annual PM","","","","","","","","ADELAIDE"
"5088","","","Tank Hill","D","","","","","Annual PM","","","","","","","","","","","ADELAIDE"
"5099","","","Morgan WIN","D","","","","","","","","","","","","","","Annual PM","","ADELAIDE"
"2006","","","Bega MF","B","","","","Quarterly PM","","","Annual PM","","","Quarterly PM","","","6 Monthly PM","","","CANBERRA"
"2008","","","Black Mountain Tower","A","","","","Quarterly PM","","","Annual PM","","","Quarterly PM","","","6 Monthly PM","","","CANBERRA"
"2009","","","Bombala","D","","","","","Annual PM","","","Quarterly PM","","","6 Monthly PM","","","Quarterly PM","","CANBERRA"
"2016","","","Brown Mountain","B","","","","","Quarterly PM","","","Annual PM","","","Quarterly PM","","","6 Monthly PM","","CANBERRA"
"2020","","","Gungahlin MF","A","","","","Monthly PM","Quarterly PM","Monthly PM","Monthly PM","Annual PM","Monthly PM","Monthly PM","Quarterly PM","Monthly PM","Monthly PM","6 Monthly PM","Monthly PM","CANBERRA"
"2024","","","Cooma MF","D","","","","","Annual PM","","","","","","6 Monthly PM","","","","","CANBERRA"
"2025","","","Radio Hill RT","D","","","","","Annual PM","","","","","","","","","","","CANBERRA"
"2027","","","Wades Hill","D","","","","Annual PM","","","","","","","","","","","","CANBERRA"
"2031","","","Bimmil Hill","C","","","","","Annual PM","","","","","","","","","","","CANBERRA"
"2048","","","Jinderboine Hill","D","","","","","Annual PM","","","Quarterly PM","","","6 Monthly PM","","","Quarterly PM","","CANBERRA"
"2071","","","Mt Gillamatong","D","","","","Annual PM","","","Quarterly PM","","","Quarterly PM","","","Quarterly PM","","","CANBERRA"
"2072","","","Mt Gray RT","C","","","","","","","Annual PM","","","","","","","","","CANBERRA"
"2080","","","Mt Taylor","C","","","","","","","Annual PM","","","","","","","","","CANBERRA"
"2081","","","Mt Ulandra","B","","","","Quarterly PM","","","Annual PM","","","Quarterly PM","","","6 Monthly PM","","","CANBERRA"
"2082","","","Mt Wandera","B","","","","","","Annual PM","","","Quarterly PM","","","6 Monthly PM","","","Quarterly PM","CANBERRA"
"2086","","","Nanny Goat Hill","D","","","","","","Annual PM","","","","","","","","","","CANBERRA"
"2087","","","Buckeridge Lookout","D","","","","","Annual PM","","","","","","","","","","","CANBERRA"
"2105","","","Thredbo","D","","","","","Annual PM","","","","","","","","","","","CANBERRA"
"2108","","","Tuggeranong Hill","C","","","","","","","","Annual PM","","","","","","","","CANBERRA"
"2118","","","Young","D","","","","","","","Annual PM","","","","","","6 Monthly PM","","","CANBERRA"
"2141","","","Webbs Hill","D","","","","Annual PM","","","","","","","","","","","","CANBERRA"
"2148","","","Fraser","D","","","","","","","","Annual PM","","","","","","","","CANBERRA"
"2178","","","Mt Mumbulla WIN","C","","","","","","","","Annual PM","","","","","","","","CANBERRA"
"2225","","","Mt Roberts","C","","","","","Annual PM","","","Quarterly PM","","","6 Monthly PM","","","Quarterly PM","","CANBERRA"
"2234","","","Mt Cronin","","","","","","","","","Annual PM","","","","","","","","CANBERRA"
"2286","","","Chaton Ridge WIN","","","","","","","Annual PM","","","","","","","","","","CANBERRA"
"2288","","","Mt Carroll WIN","D","","","","","","Annual PM","","","","","","","","","","CANBERRA"
"2291","","","The Gap WIN","F","","","","Annual PM","","","","","","","","","","","","CANBERRA"
"2319","","","Batlow","D","","","","Annual PM","","","","","","","","","","","","CANBERRA"
"2320","","","Captains Flat","F","","","","Annual PM","","","","","","","","","","","","CANBERRA"
"2321","","","Talbingo","F","","","","","","Annual PM","","","","","","","","","","CANBERRA"
"2351","","","Conder","D","","","","","","","","Annual PM","","","","","","","","CANBERRA"
"2498","","","Kianga","D","","","","","Annual PM","","","","","","","","","","","CANBERRA"
"2599","","","Cootamundra RBAH","R","","","","","","","Annual PM","","","","","","","","","CANBERRA"
"2605","","","Harden RBAH","R","","","","","","","Annual PM","","","","","","","","","CANBERRA"
"2614","","","Mt Gray WIN","D","","","","","","","Annual PM","","","","","","","","","CANBERRA"
"2615","","","Mt Parnassus RBAH","D","","","","","Annual PM","","","","","","","","","","","CANBERRA"
"2684","","","Gunning RBAH","E","","","","","","Annual PM","","","","","","","","","","CANBERRA"
"2688","","","Bermagui RBAH","E","","","","","Annual PM","","","","","","","","","","","CANBERRA"
"2690","","","Eastgrove RBAH","E","","","","","","","Annual PM","","","","","","","","","CANBERRA"
"2694","","","Merimbula RBAH","D","","","","","Annual PM","","","","","","","","","","","CANBERRA"
"2711","","","Carlton WIN","D","","","","","","Annual PM","","","","","","","","","","CANBERRA"
"6006","","","Broome MF","D","","","","","","","Annual PM","","","","","","6 Monthly PM","","","DARWIN"
"6017","","","Derby Town RT","D","","","","","","","Annual PM","","","","","","","","","DARWIN"
"6018","","","Derby MF","D","","","","","","","Annual PM","","","","","","6 Monthly PM","","","DARWIN"
"6024","","","Fitzroy Crossing RT","D","","","","","","","","Annual PM","","","","","","","","DARWIN"
"6027","","","Halls Creek","D","","","","","","","","Annual PM","","","","","","","","DARWIN"
"6037","","","Kellys Knob","D","","","","","","","Annual PM","","","","","","","","","DARWIN"
"6040","","","Kununurra","D","","","","","","","Annual PM","","","","","","","","","DARWIN"
"6053","","","Mt Albany","D","","","","","","","","Annual PM","","","","","","","","DARWIN"
"6093","","","Wyndham MF","D","","","","","","","","Annual PM","","","","","6 Monthly PM","","","DARWIN"
"6116","","","Speargrass Road MF","D","","","","","","","Annual PM","","","","","","","","","DARWIN"
"6168","","","Broome","D","","","","","","","Annual PM","","","","","","","","","DARWIN"
"8000","","","Robin Falls","D","","","","Annual PM","","","","","","","","","","","","DARWIN"
"8001","","","Alice Springs MF","B","","","","","Annual PM","","","","","","","6 Monthly PM","","","","DARWIN"
"8002","","","Alyangula","D","","","","","","","","","","","Annual PM","","","","","DARWIN"
"8005","","","Borroloola","D","","","","","","","","","","","Annual PM","","","","","DARWIN"
"8007","","","Daly River Mission","D","","","","","Annual PM","","","","","","","","","","","DARWIN"
"8008","","","Ludmilla Terrace MF","A","","","","Monthly PM","Quarterly PM","Monthly PM","Monthly PM","6 Monthly PM","Monthly PM","Monthly PM","Quarterly PM","Monthly PM","Monthly PM","Annual PM","Monthly PM","DARWIN"
"8011","","","Galiwinku","D","","","","","","","","","","","Annual PM","","","","","DARWIN"
"8012","","","Heavitree Gap RT","C","","","","","Annual PM","","","","","","","6 Monthly PM","","","","DARWIN"
"8014","","","Jabiru MF","D","","","","6 Monthly PM","","","","","Annual PM","","","","","","","DARWIN"
"8015","","","Gregory Place RT","D","","","","","","","","","Annual PM","","","","","","","DARWIN"
"8016","","","Katherine MF","D","","","","Annual PM","","","","","","6 Monthly PM","","","","","","DARWIN"
"8017","","","Katherine RT","D","","","","","","Annual PM","","","","","","","","","","DARWIN"
"8018","","","Mataranka RT","D","","","","","","Annual PM","","","","","","","","","","DARWIN"
"8019","","","Mission Hill RT","D","","","","","","","","","","Annual PM","","","","","","DARWIN"
"8020","","","Mt Saunders","D","","","","","","","","","","","Annual PM","","","","","DARWIN"
"8021","","","Newcastle Waters RT","D","","","","","Annual PM","","","","","","","","","","","DARWIN"
"8022","","","Nhulunbuy MF","D","","","","","","","","","","","Annual PM","","","","","DARWIN"
"8023","","","Pine Creek RT","D","","","","","","Annual PM","","","","","","","","","","DARWIN"
"8024","","","Roe Creek HF","E","","","","","Annual PM","","","","","","","","","","","DARWIN"
"8025","","","Tennant Creek MF","D","","","","","Annual PM","","","","","","6 Monthly PM","","","","","DARWIN"
"8026","","","Tennant Creek RT","D","","","","","Annual PM","","","","","","","","","","","DARWIN"
"8032","","","Deloraine Road","A","","","","Monthly PM","Monthly PM","Annual PM","Monthly PM","Monthly PM","Quarterly PM","Monthly PM","Monthly PM","6 Monthly PM","Monthly PM","Monthly PM","Quarterly PM","DARWIN"
"8034","","","West Gap","C","","","","","Annual PM","","","","","","","6 Monthly PM","","","","DARWIN"
"8035","","","Darwin DMB","","","","","","","","","","","6 Monthly PM","","","","","","DARWIN"
"8042","","","Batchelor","D","","","","","","","","","","","","Annual PM","","","","DARWIN"
"8046","","","Tennant Creek Imparja Site","D","","","","","Annual PM","","","","","","","","","","","DARWIN"
"8049","","","Cullen Bay","D","","","","","","","","","","","","Annual PM","","","","DARWIN"
"8052","","","Jabiru Water Tower","D","","","","","","","","","Annual PM","","","","","","","DARWIN"
"8053","","","Marrakai","C","","","","","","","","","","","","Annual PM","","","","DARWIN"
"8054","","","Chardon Street","D","","","","Annual PM","","","","","","","","","","","","DARWIN"
"8055","","","West Gap Axicom","D","","","","","Annual PM","","","","","","","","","","","DARWIN"
"2001","","","Kellys Plain","C","","","","","","","","","","","","Annual PM","","","","NEWCASTLE"
"2002","","","Macpherson Range MF","C","","","","","","","","","","Annual PM","","","","","","NEWCASTLE"
"2004","","","Bald Hill","C","","","","","","Annual PM","","","","","","","","","","NEWCASTLE"
"2007","","","Beresfield MF","B","","","","Quarterly ACU","","","","6 Monthly PM","","Quarterly ACU","","","Annual PM","","","NEWCASTLE"
"2011","","","Bouddi Peninsula","C","","","","","","","","","","Annual PM","","","","","","NEWCASTLE"
"2017","","","Buninyong Hill RT","C","","","","","","","","Annual PM","","","","","","","","NEWCASTLE"
"2018","","","Byrock MF","B","","","","6 Monthly PM","","","","","","","","","Annual PM","","","NEWCASTLE"
"2021","","","Fort Bourke Hill","D","","","","","","","","Annual PM","","","","","","","","NEWCASTLE"
"2022","","","Collarenebri","D","","","","","Annual PM","","","","","","","","","","","NEWCASTLE"
"2037","","","Kia-Ora Lookout","D","","","","","","","","","","","","","","Annual PM","","NEWCASTLE"
"2038","","","Goodooga RT","D","","","","","","","Annual PM","","","","","","","","","NEWCASTLE"
"2041","","","Rumbulara","C","","","","","","","","","","Annual PM","","","","","","NEWCASTLE"
"2053","","","Korora Basin","C","","","","","","","","","Annual PM","","","","","","","NEWCASTLE"
"2055","","","Jolly Nose Hill","C","","","","","","","","","Annual PM","","","","","","","NEWCASTLE"
"2057","","","Lightning Ridge","D","","","","","","","Annual PM","","","","","","","","","NEWCASTLE"
"2061","","","Manilla MF","B","","","","","","6 Monthly PM","","","","","","Annual PM","","","","NEWCASTLE"
"2063","","","Merriwa","D","","","","","","","Annual PM","","","","","","","","","NEWCASTLE"
"2064","","","Middle Brother","B","","","","","6 Monthly PM","","","","","","Annual PM","","","","","NEWCASTLE"
"2068","","","Mt Cenn Cruaich","B","","","","","","","","Annual PM","","","","","","6 Monthly PM","","NEWCASTLE"
"2069","","","Mt Dowe","B","","","","","","6 Monthly PM","","","","","","","Annual PM","","","NEWCASTLE"
"2073","","","Mt Helen RT","D","","","","","","","","","","Annual PM","","","","","","NEWCASTLE"
"2075","","","Mt Moombil","B","","","","","6 Monthly PM","","","","","","Annual PM","","","","","NEWCASTLE"
"2077","","","Mt Oxley RT","D","","","","","","","Annual PM","","","","","","","","","NEWCASTLE"
"2079","","","Mt Sugarloaf","B","","","","Quarterly PM","","","6 Monthly PM","","","Quarterly PM","","","","Annual PM","","NEWCASTLE"
"2085","","","Muswellbrook MF","D","","","","","","","Quarterly ACU","","","","","Annual PM","","","","NEWCASTLE"
"2091","","","Nyngan","D","","","","","","","","Annual PM","","","","","","","","NEWCASTLE"
"2094","","","Whod A Thought It Lookout","D","","","","","","Annual PM","","","","","","","","","","NEWCASTLE"
"2096","","","Rossgole Lookout","C","","","","","","","","","","","","Annual PM","","","","NEWCASTLE"
"2097","","","Smithtown MF","B","","","","","","","","","","","","Annual PM","","","6 Monthly PM","NEWCASTLE"
"2103","","","Taree MF","C","","","","","","","","","","","","Annual PM","","","Quarterly ACU","NEWCASTLE"
"2107","","","Tottenham","D","","","","","","","","Annual PM","","","","","","","","NEWCASTLE"
"2111","","","Clive Blakes Hill","D","","","","","","","","","","Annual PM","","","","","","NEWCASTLE"
"2112","","","Walgett","D","","","","","","","Annual PM","","","","","","","","","NEWCASTLE"
"2117","","","Wyrrabalong Trig","C","","","","","6 Monthly PM","","","","","Annual PM","","","","","","NEWCASTLE"
"2123","","","Soma Mountain","C","","","","","","6 Monthly PM","","","","","","Annual PM","","","","NEWCASTLE"
"2125","","","Centenary Lookout","B","","","","","","","6 Monthly PM","","","","","","","Annual PM","","NEWCASTLE"
"2126","","","Little Duval Lower","C","","","","","","","6 Monthly PM","","","","","Annual PM","","","","NEWCASTLE"
"2127","","","Queensborough Trig","D","","","","","","","Annual PM","","","","","","","","","NEWCASTLE"
"2133","","","Little Duval Upper RT","C","","","","","","","","","","Annual PM","","","","","","NEWCASTLE"
"2135","","","Coorei Hill","D","","","","","","","","","","","","","","Annual PM","","NEWCASTLE"
"2145","","","Borombiel Hill","D","","","","","","","Annual PM","","","","","","","","","NEWCASTLE"
"2147","","","Hexham MF","B","","","","Quarterly ACU","","","","6 Monthly PM","","Quarterly ACU","","","Annual PM","","","NEWCASTLE"
"2155","","","Mt Douglas","D","","","","","","","","","","","","","","Annual PM","","NEWCASTLE"
"2259","","","Gan Gan Hill RT","C","","","","","","","","","","","","","","Annual PM","","NEWCASTLE"
"2260","","","Mt Penang","C","","","","","","6 Monthly PM","","","","","Annual PM","","","","","NEWCASTLE"
"2262","","","Mt Sugarloaf NBN","A","","","","Quarterly PM","","","6 Monthly PM","","","Quarterly PM","","","","Annual PM","","NEWCASTLE"
"2306","","","Walcha","D","","","","","","","","","","Annual PM","","","","","","NEWCASTLE"
"2307","","","Mt Helen NBN","D","","","","","","","","","","Annual PM","","","","","","NEWCASTLE"
"2334","","","Bourke Water Plant","D","","","","","","","Annual PM","","","","","","","","","NEWCASTLE"
"2335","","","Brewarrina Water Plant","D","","","","","","","Annual PM","","","","","","","","","NEWCASTLE"
"2350","","","Uralla","","","","","","","","","","","","","Annual PM","","","","NEWCASTLE"
"2352","","","Wellington RT","","","","","","","","","Annual PM","","","","","","","","NEWCASTLE"
"2353","","","Mt Foster RT","","","","","","","","","Annual PM","","","","","","","","NEWCASTLE"
"2439","","","Mt Boppy","D","","","","","","","","","","","","","","Annual PM","","NEWCASTLE"
"2595","","","Shepherds Hill NBN","D","","","","","","","","","","","","","","Annual PM","","NEWCASTLE"
"2597","","","Bruxner Park Radio","C","","","","","","","","","Annual PM","","","","","","","NEWCASTLE"
"2598","","","Cobar UHF","D","","","","","","","","Annual PM","","","","","","","","NEWCASTLE"
"2600","","","Debenham Road 2GO","B","","","","","","6 Monthly PM","","","","","Annual PM","","","","","NEWCASTLE"
"2603","","","Gilgandra","D","","","","","","","","Annual PM","","","","","","","","NEWCASTLE"
"2606","","","Jolly Nose Radio","D","","","","","","","","","Annual PM","","","","","","","NEWCASTLE"
"2610","","","Lightning Ridge UHF","D","","","","","","","Annual PM","","","","","","","","","NEWCASTLE"
"2611","","","Mt Cairncross SCA","C","","","","","","","","","Annual PM","","","","","","","NEWCASTLE"
"2616","","","Mt Yarrahapinni","C","","","","","","","","","Annual PM","","","","","","","NEWCASTLE"
"2618","","","Nymagee Street","D","","","","","","","","Annual PM","","","","","","","","NEWCASTLE"
"2622","","","Rifle Range Road","C","","","","","","","","Annual PM","","","","","","","","NEWCASTLE"
"2625","","","Walgett Commercial","D","","","","","","","Annual PM","","","","","","","","","NEWCASTLE"
"2691","","","Emerald Heights Axicom","C","","","","","","","","","Annual PM","","","","","","","NEWCASTLE"
"2696","","","Toormina RBAH","E","","","","","","","","","Annual PM","","","","","","","NEWCASTLE"
"2698","","","Woolgoolga RBAH","E","","","","","","","","","Annual PM","","","","","","","NEWCASTLE"
"2702","","","Nardoo Prime","D","","","","","","","","","","","","","","Annual PM","","NEWCASTLE"
"4000","","","Alpha","D","","","","","","","","","Annual PM","","","","","","","NORTHQLD"
"4001","","","Aramac","D","","","","","","","","","Annual PM","","","","","","","NORTHQLD"
"4008","","","Bald Rock","D","","","","","","","","Annual PM","","","","","","","","NORTHQLD"
"4009","","","Barcaldine","D","","","","","","","","","Annual PM","","","","","","","NORTHQLD"
"4012","","","Bedourie","D","","","","","","","","Annual PM","","","","","","","","NORTHQLD"
"4013","","","Birdsville RT","D","","","","","","","","Annual PM","","","","","","","","NORTHQLD"
"4015","","","Blackall","D","","","","","","","","Annual PM","","","","","","","","NORTHQLD"
"4018","","","Boulia","D","","","","","","","","Annual PM","","","","","","","","NORTHQLD"
"4019","","","Boyne Island WIN","D","","","","","Annual PM","","","","","","","","","","","NORTHQLD"
"4020","","","Brandon MF","B","","","","","","6 Monthly PM","","","","","","Annual PM","","","","NORTHQLD"
"4023","","","Buchan Point RT","D","","","","Annual PM","","","","","","","","","","","","NORTHQLD"
"4026","","","Camooweal RT","D","","","","","","Annual PM","","","","","","","","","","NORTHQLD"
"4027","","","Capella","D","","","","","","","","","Annual PM","","","","","","","NORTHQLD"
"4028","","","Carborough Range","D","","","","","","","","","","","","","Annual PM","","","NORTHQLD"
"4032","","","Towers Hill","D","","","","","","","Annual PM","","","","","","","","","NORTHQLD"
"4033","","","Clermont","D","","","","","","","","","Annual PM","","","","","","","NORTHQLD"
"4035","","","Coen RT","D","","","","","","","","Annual PM","","","","","","","","NORTHQLD"
"4036","","","Cooktown","D","","","","","","","","Annual PM","","","","","","","","NORTHQLD"
"4037","","","Olio","D","","","","","","","Annual PM","","","","","","","","","NORTHQLD"
"4039","","","Croydon","D","","","","","","","","","","Annual PM","","","","","","NORTHQLD"
"4041","","","Cutlers Hill RT","D","","","","","","","","","","Annual PM","","","","","","NORTHQLD"
"4043","","","Denham Range","D","","","","","","","","","Annual PM","","","","","","","NORTHQLD"
"4044","","","Dimbulah","D","","","","Annual PM","","","","","","","","","","","","NORTHQLD"
"4047","","","Dunk Island","D","","","","","Annual PM","","","","","","","","","","","NORTHQLD"
"4050","","","Emerald MF","B","","","","6 Monthly PM","","","","","","Annual PM","","","","","","NORTHQLD"
"4051","","","Emerald Downs RT","D","","","","","","","","","","","Annual PM","","","","","NORTHQLD"
"4053","","","Georgetown","D","","","","","","","","","","Annual PM","","","","","","NORTHQLD"
"4055","","","Gordonvale MF","B","","","","Annual PM","","","","","","6 Monthly PM","","","","","","NORTHQLD"
"4056","","","Gracemere MF","B","","","","","6 Monthly PM","","","","","Annual PM","","","","","","NORTHQLD"
"4058","","","Green Hill","D","","","","","","","","","","","Annual PM","","","","","NORTHQLD"
"4059","","","Greenvale","D","","","","","","","","","","Annual PM","","","","","","NORTHQLD"
"4061","","","Herberton","D","","","","","","","","","Annual PM","","","","","","","NORTHQLD"
"4062","","","Hospital Hill","D","","","","","","","","","","Annual PM","","","","","","NORTHQLD"
"4063","","","Hughenden MF","D","","","","","","Annual PM","","","","","","","","","","NORTHQLD"
"4064","","","Hughenden","D","","","","","","","Annual PM","","","","","","","","","NORTHQLD"
"4066","","","Isisford","D","","","","","","","","Annual PM","","","","","","","","NORTHQLD"
"4067","","","Colorado","D","","","","","","","","","Annual PM","","","","","","","NORTHQLD"
"4068","","","Julia Creek MF","B","","","","","","","Annual PM","","","","","","6 Monthly PM","","","NORTHQLD"
"4069","","","Julia Creek RT","D","","","","","","Annual PM","","","","","","","","","","NORTHQLD"
"4070","","","Karumba","D","","","","","","","","","","Annual PM","","","","","","NORTHQLD"
"4071","","","Laura RT","D","","","","","","","","Annual PM","","","","","","","","NORTHQLD"
"4072","","","Longreach","D","","","","","","","","","Annual PM","","","","","","","NORTHQLD"
"4073","","","Cramsie MF","B","","","","","","","","","Annual PM","","","","","","","NORTHQLD"
"4080","","","Maunalor Hill","C","","","","","Annual PM","","","","","","","","","","","NORTHQLD"
"4083","","","Middlemount RT","D","","","","","","","","","Annual PM","","","","","","","NORTHQLD"
"4088","","","Mossman MF","D","","","","Annual PM","","","","","","","","","","","","NORTHQLD"
"4089","","","Moura","D","","","","","","","Annual PM","","","","","","","","","NORTHQLD"
"4090","","","Mt Avarice RT","D","","","","","","Annual PM","","","","","","","","","","NORTHQLD"
"4091","","","Mt Bellenden-Ker","B","","","","","","","","","Annual PM","","","","","","6 Monthly PM","NORTHQLD"
"4093","","","Mt Blackwood","B","","","","","","6 Monthly PM","","","","","","Annual PM","","","","NORTHQLD"
"4095","","","Mt Devlin","D","","","","","","","","","","Annual PM","","","","","","NORTHQLD"
"4096","","","Mt Garnet RT","D","","","","","","","","","Annual PM","","","","","","","NORTHQLD"
"4098","","","Mt Hopeful","B","","","","","","6 Monthly PM","","","","","","Annual PM","","","","NORTHQLD"
"4100","","","DCA Hill","C","","","","","","Annual PM","","","","","","","","","","NORTHQLD"
"4103","","","Mt Molloy","D","","","","","Annual PM","","","","","","","","","","","NORTHQLD"
"4105","","","Mt Myrtle RT","D","","","","","Annual PM","","","","","","","","","","","NORTHQLD"
"4106","","","Mt Rooper RT","D","","","","","","","","","","","","Annual PM","","","","NORTHQLD"
"4107","","","Mt Stuart","B","","","","","","","","6 Monthly PM","","","","","","Annual PM","","NORTHQLD"
"4110","","","Mulgildie Plateau","D","","","","","Annual PM","","","","","","","","","","","NORTHQLD"
"4112","","","Muttaburra","D","","","","","","","","","Annual PM","","","","","","","NORTHQLD"
"4115","","","Pentland RT","D","","","","","","","Annual PM","","","","","","","","","NORTHQLD"
"4117","","","Newell Beach RT","D","","","","","Annual PM","","","","","","","","","","","NORTHQLD"
"4119","","","Rangelands","D","","","","","","","Annual PM","","","","","","","","","NORTHQLD"
"4120","","","Richmond RT","D","","","","","","Annual PM","","","","","","","","","","NORTHQLD"
"4122","","","Rocky Point","D","","","","","","","","Annual PM","","","","","","","","NORTHQLD"
"4123","","","Roddas Lookout RT","D","","","","","","","","","","","Annual PM","","","","","NORTHQLD"
"4125","","","Round Hill","D","","","","","Annual PM","","","","","","","","","","","NORTHQLD"
"4126","","","Saddle Mountain","D","","","","Annual PM","","","","","","","","","","","","NORTHQLD"
"4127","","","Shingle Beach Hill","D","","","","","","","","","","","","Annual PM","","","","NORTHQLD"
"4128","","","Smiths Hill RT","D","","","","","","","","","","","","","Annual PM","","","NORTHQLD"
"4134","","","Tambo","D","","","","","","","","Annual PM","","","","","","","","NORTHQLD"
"4139","","","Theodore","D","","","","","","","Annual PM","","","","","","","","","NORTHQLD"
"4141","","","Thursday Island MF","D","","","","","","","","","","","Annual PM","","","","","NORTHQLD"
"4144","","","Yarrawonga RT","C","","","","","","","","","","","","","Annual PM","","","NORTHQLD"
"4148","","","Weipa MF","D","","","","","","","","Annual PM","","","","","","","","NORTHQLD"
"4149","","","Westwood Range RT","D","","","","","Annual PM","","","","","","","","","","","NORTHQLD"
"4152","","","Yungaburra MF","C","","","","Annual PM","","","","","","","","","","","","NORTHQLD"
"4153","","","Island Point","D","","","","","Annual PM","","","","","","","","","","","NORTHQLD"
"4154","","","Yeppoon WIN","D","","","","","","","","","","","Annual PM","","","","","NORTHQLD"
"4157","","","Mt Yarrabah","D","","","","","","","","Annual PM","","","","","","","","NORTHQLD"
"4159","","","Mt Inkerman","D","","","","","","","","","","Annual PM","","","","","","NORTHQLD"
"4161","","","Bowen Hill","D","","","","","","","","","","Annual PM","","","","","","NORTHQLD"
"4162","","","Mt Lucas","D","","","","","","","","","","","","Annual PM","","","","NORTHQLD"
"4163","","","Tyrconnel Road","D","","","","Annual PM","","","","","","","","","","","","NORTHQLD"
"4164","","","Graham Range WIN","D","","","","Annual PM","","","","","","","","","","","","NORTHQLD"
"4165","","","Moranbah","D","","","","","","","","","","","","","Annual PM","","","NORTHQLD"
"4172","","","Partington Railway Yard","D","","","","","","","","","","","","","Annual PM","","","NORTHQLD"
"4176","","","Glenden","D","","","","","","","","","","","","","Annual PM","","","NORTHQLD"
"4183","","","Forbes Avenue WIN","D","","","","","","","","","","","Annual PM","","","","","NORTHQLD"
"4187","","","Biloela RT","D","","","","","","","Annual PM","","","","","","","","","NORTHQLD"
"4197","","","Mt Lowe","D","","","","","","","","","Annual PM","","","","","","","NORTHQLD"
"4198","","","Mt Williams","D","","","","Annual PM","","","","","","","","","","","","NORTHQLD"
"4216","","","Agnes Waters","D","","","","","Annual PM","","","","","","","","","","","NORTHQLD"
"4218","","","Lakeland RT","D","","","","","","","","Annual PM","","","","","","","","NORTHQLD"
"4220","","","Hallorans Hill","D","","","","","","","","Annual PM","","","","","","","","NORTHQLD"
"4221","","","Emma Smith Vista","D","","","","","","Annual PM","","","","","","","","","","NORTHQLD"
"4222","","","Talagai Avenue WIN","D","","","","","","","","","Annual PM","","","","","","","NORTHQLD"
"4265","","","Emerald Stock Route WIN","D","","","","","","","","","","","Annual PM","","","","","NORTHQLD"
"4299","","","Cutlers Hill WIN","D","","","","","","","","","","Annual PM","","","","","","NORTHQLD"
"4320","","","Summer Hill Site","D","","","","","","","","","","Annual PM","","","","","","NORTHQLD"
"4321","","","Mulleys Hill","D","","","","","Annual PM","","","","","","","","","","","NORTHQLD"
"4328","","","Barcaldine Water Tower","D","","","","","","","","","Annual PM","","","","","","","NORTHQLD"
"4329","","","Blackall Council Depot","D","","","","","","","","Annual PM","","","","","","","","NORTHQLD"
"4330","","","Cloncurry Water Tower","D","","","","","","Annual PM","","","","","","","","","","NORTHQLD"
"4332","","","Hughenden Council","D","","","","","","","Annual PM","","","","","","","","","NORTHQLD"
"4333","","","Weipa Water Tower","D","","","","","","","","Annual PM","","","","","","","","NORTHQLD"
"4334","","","Winton Water Tower","D","","","","","","","Annual PM","","","","","","","","","NORTHQLD"
"4336","","","Mt Archer","D","","","","","","","","","","","","Annual PM","","","","NORTHQLD"
"4337","","","Mackay","D","","","","","","","","","","","","Annual PM","","","","NORTHQLD"
"4338","","","Sloping Hummock","C","","","","","Annual PM","","","","","","","","","","","NORTHQLD"
"4339","","","Meikleville Hill","D","","","","","","","","","","","Annual PM","","","","","NORTHQLD"
"4346","","","Tayglen Hill","D","","","","","","","","","Annual PM","","","","","","","NORTHQLD"
"4402","","","Briaba","D","","","","","","","","","","Annual PM","","","","","","NORTHQLD"
"4403","","","Carborough Range 7Q","D","","","","","","","","","","","","","Annual PM","","","NORTHQLD"
"4406","","","City Lookout","D","","","","","","Annual PM","","","","","","","","","","NORTHQLD"
"4407","","","Clermont Reservoir","D","","","","","","","","","Annual PM","","","","","","","NORTHQLD"
"4408","","","Cooktown Council","D","","","","","","","","Annual PM","","","","","","","","NORTHQLD"
"4410","","","Crediton IBL","D","","","","","","","","","","","","Annual PM","","","","NORTHQLD"
"4415","","","Goldsborough Valley RBAH","R","","","","Annual PM","","","","","","","","","","","","NORTHQLD"
"4417","","","Longreach UHF","D","","","","","","","","","","Annual PM","","","","","","NORTHQLD"
"4418","","","Mandalay Hill RBAH","R","","","","","","","","","","","","Annual PM","","","","NORTHQLD"
"4419","","","Middlemount Commercial","D","","","","","","","","","Annual PM","","","","","","","NORTHQLD"
"4426","","","Mt Stuart Axicom","B","","","","","","","","6 Monthly PM","","","","","","Annual PM","","NORTHQLD"
"4427","","","Mt Yarrabah Radio","B","","","","","","","","Annual PM","","","","","","6 Monthly PM","","NORTHQLD"
"4428","","","Portsmith","C","","","","","","","","","Annual PM","","","","","","","NORTHQLD"
"4430","","","Sarina Beach RBAH","R","","","","","","","","","","","","Annual PM","","","","NORTHQLD"
"4434","","","St Lawrence WTP","D","","","","","","","","","","Annual PM","","","","","","NORTHQLD"
"4438","","","Bones Knob","D","","","","","","","","","Annual PM","","","","","","","NORTHQLD"
"4439","","","Wonga Beach RBAH","R","","","","","Annual PM","","","","","","","","","","","NORTHQLD"
"4441","","","Sprole Castle Axicom","D","","","","","","","","","","Annual PM","","","","","","NORTHQLD"
"4442","","","Mt Archer Axicom","D","","","","","","","","","","","","Annual PM","","","","NORTHQLD"
"4444","","","Mt Morgan RBAH","E","","","","","","","Annual PM","","","","","","","","","NORTHQLD"
"4456","","","Westwood Range WIN","D","","","","","Annual PM","","","","","","","","","","","NORTHQLD"
"4458","","","Tryphinia WIN","D","","","","","","","","","Annual PM","","","","","","","NORTHQLD"
"6000","","","Albany MF","D","","","","","","","","","","","","","Annual PM","","","PERTH"
"6001","","","Augusta","D","","","","","","","","","","","Annual PM","","","","","PERTH"
"6003","","","Bickley","A","","","","Monthly PM","Monthly PM","Annual PM","Monthly PM","Monthly PM","Quarterly PM","Monthly PM","Monthly PM","6 Monthly PM","Monthly PM","Monthly PM","Quarterly PM","PERTH"
"6004","","","Suttons Lookout","D","","","","","","","","","","Annual PM","","","","","","PERTH"
"6005","","","Bridgetown MF","D","","","","","","","","","","","","Annual PM","","","","PERTH"
"6007","","","Brown Range","D","","","","","","","","Annual PM","","","","","","","","PERTH"
"6008","","","Yallingup MF","C","","","","","6 Monthly PM","","","","","","Annual PM","","","","","PERTH"
"6009","","","Carnarvon MF","D","","","","","","","","Annual PM","","","","","","","","PERTH"
"6010","","","Cervantes","D","","","","","","","Annual PM","","","","","","","","","PERTH"
"6013","","","Condingup Peak","D","","","","","Annual PM","","","","","","","","","","","PERTH"
"6014","","","Cue","D","","","","","","","","","","Annual PM","","","","","","PERTH"
"6015","","","Dalwallinu MF","B","","","","","","Annual PM","","","","","","6 Monthly PM","","","","PERTH"
"6019","","","Eneabba","D","","","","","","","Annual PM","","","","","","","","","PERTH"
"6020","","","Esperance MF","D","","","","","Annual PM","","","","","","","","","","","PERTH"
"6021","","","North West Cape","D","","","","","","","","Annual PM","","","","","","","","PERTH"
"6022","","","Exmouth MF","D","","","","","","","","Annual PM","","","","","","","","PERTH"
"6025","","","Narra Tarra Estate MF","C","","","","","","","","Annual PM","","","","","6 Monthly PM","","","PERTH"
"6026","","","Ghooli RT","D","","","","Annual PM","","","","","","","","","","","","PERTH"
"6028","","","Hamersley MF","A","","","","Quarterly PM","","","Annual PM","Annual PM","","Quarterly PM","","","6 Monthly PM","","","PERTH"
"6029","","","Hawkes Place","D","","","","","Annual PM","","","","","","","","","","","PERTH"
"6030","","","Jurien","D","","","","","","","Annual PM","","","","","","","","","PERTH"
"6031","","","Kalbarri","D","","","","","","","","Annual PM","","","","","","","","PERTH"
"6032","","","Kalgoorlie MF","B","","","","","Annual PM","","","","","6 Monthly PM","","","","","","PERTH"
"6033","","","Kangaroo Hill","D","","","","","","","","","Annual PM","","","","","","","PERTH"
"6034","","","Karratha","D","","","","","","","","","Annual PM","","","","","","","PERTH"
"6035","","","Karratha MF","B","","","","","","","","","Annual PM","","","","","6 Monthly PM","","PERTH"
"6038","","","Kojonup","D","","","","","","","","","","","","Annual PM","","","","PERTH"
"6041","","","Lake Grace","D","","","","","","Annual PM","","","","","","","","","","PERTH"
"6042","","","Leeman","D","","","","","","","Annual PM","","","","","","","","","PERTH"
"6043","","","Leinster","D","","","","","Annual PM","","","","","","","","","","","PERTH"
"6044","","","Leonora RT","D","","","","","Annual PM","","","","","","","","","","","PERTH"
"6045","","","Manjimup MF","D","","","","","","","","","","","","Annual PM","","","","PERTH"
"6046","","","Marble Bar","D","","","","","","","","","Annual PM","","","","","","","PERTH"
"6047","","","Mawson Trig","B","","","","","","","6 Monthly PM","","","","","","Annual PM","","","PERTH"
"6048","","","Meekatharra","D","","","","","","","","","","Annual PM","","","","","","PERTH"
"6049","","","Menzies RT","D","","","","","Annual PM","","","","","","","","","","","PERTH"
"6050","","","Merredin RT","D","","","","Annual PM","","","","","","","","","","","","PERTH"
"6052","","","Moresby Range","C","","","","","","","Annual PM","","","","","","6 Monthly PM","","","PERTH"
"6054","","","Mt Barker","B","","","","","","6 Monthly PM","","","","","","Annual PM","","","","PERTH"
"6055","","","Mt Campbell","D","","","","","","","Annual PM","","","","","","","","","PERTH"
"6056","","","Mt Clarence","D","","","","","","","","","","","","Annual PM","","","","PERTH"
"6057","","","Mt Latham RT","C","","","","","","","6 Monthly PM","","","","","","Annual PM","","","PERTH"
"6058","","","Mt Lennard","B","","","","","6 Monthly PM","","","","","","Annual PM","","","","","PERTH"
"6059","","","Mt Magnet","D","","","","","","","","","","Annual PM","","","","","","PERTH"
"6061","","","Mt Welcome","D","","","","","","","","","Annual PM","","","","","","","PERTH"
"6062","","","Mullewa","D","","","","","","","","Annual PM","","","","","","","","PERTH"
"6063","","","Nannup","D","","","","","","","","","","","Annual PM","","","","","PERTH"
"6064","","","Narembeen","D","","","","Annual PM","","","","","","","","","","","","PERTH"
"6065","","","Narrogin RT","D","","","","","","","","","","","Annual PM","","","","","PERTH"
"6066","","","Newman MF","D","","","","","","","","","","Annual PM","","","","","","PERTH"
"6067","","","Norseman RT","D","","","","","Annual PM","","","","","","","","","","","PERTH"
"6069","","","Northam MF","D","","","","","","Annual PM","","","","","","","","","","PERTH"
"6070","","","Northampton","D","","","","","","","","Annual PM","","","","","","","","PERTH"
"6071","","","Onslow","D","","","","","","","","Annual PM","","","","","","","","PERTH"
"6072","","","Pannawonica","D","","","","","","","","","Annual PM","","","","","","","PERTH"
"6073","","","Pannawonica MF","D","","","","","","","","","Annual PM","","","","","","","PERTH"
"6074","","","Paraburdoo","D","","","","","","","","","Annual PM","","","","","","","PERTH"
"6075","","","Paraburdoo MF","D","","","","","","","","","","Annual PM","","","","","","PERTH"
"6076","","","Pemberton","D","","","","","","","","","","Annual PM","","","","","","PERTH"
"6078","","","Peters Hill","C","","","","Annual PM","","","","","","6 Monthly PM","","","","","","PERTH"
"6079","","","Finucane Island","D","","","","","","","","","Annual PM","","","","","","","PERTH"
"6080","","","Port Hedland MF","D","","","","","","","","","Annual PM","","","","","","","PERTH"
"6081","","","Quarrel Range","D","","","","","","Annual PM","","","","","","","","","","PERTH"
"6083","","","Ravensthorpe","D","","","","","","Annual PM","","","","","","","","","","PERTH"
"6084","","","Red Hill","D","","","","Annual PM","","","","","","","","","","","","PERTH"
"6085","","","Red Lake RT","D","","","","","Annual PM","","","","","","","","","","","PERTH"
"6087","","","Tom Price","D","","","","","","","","","","Annual PM","","","","","","PERTH"
"6088","","","Tom Price MF","D","","","","","","","","","","Annual PM","","","","","","PERTH"
"6089","","","Minding MF","B","","","","","","","6 Monthly PM","","","","","","Annual PM","","","PERTH"
"6090","","","Wireless Hill RT","D","","","","","Annual PM","","","","","6 Monthly PM","","","","","","PERTH"
"6091","","","Wongan Hills","D","","","","","","Annual PM","","","","","","","","","","PERTH"
"6094","","","Yalgoo","D","","","","","","","","Annual PM","","","","","","","","PERTH"
"6095","","","Toodyay","D","","","","","","","","","","","","","","","Annual PM","PERTH"
"6112","","","Belmont MF","A","","","","","","Quarterly PM","","","6 Monthly PM","","","Quarterly PM","","","Annual PM","PERTH"
"6113","","","Bedfordale","D","","","","","","","","","","","","","","","Annual PM","PERTH"
"6114","","","Manjimup Town WIN","D","","","","","","","","","","Annual PM","","","","","","PERTH"
"6125","","","Shark Bay RT","D","","","","","","","","Annual PM","","","","","","","","PERTH"
"6128","","","Table Hill RT","D","","","","","","Annual PM","","","","","","","","","","PERTH"
"6129","","","Moresby Range WIN","D","","","","","","","Annual PM","","","","","","","6 Monthly PM","","PERTH"
"6141","","","Carmel","A","","","","","","Annual PM","","","Quarterly PM","","Annual PM","6 Monthly PM","","","Quarterly PM","PERTH"
"6142","","","Margaret River WIN","D","","","","","","","","","","","Annual PM","","","","","PERTH"
"6145","","","Northam GWN","D","","","","","","","Annual PM","","","","","","","","","PERTH"
"6146","","","Katanning WIN","D","","","","","","","","","","","Annual PM","","","","","PERTH"
"6152","","","Bruce Rock WIN","D","","","","Annual PM","","","","","","","","","","","","PERTH"
"6153","","","Radio Hill WIN","D","","","","","","","Annual PM","","","","","","","","","PERTH"
"6159","","","Merredin WIN","D","","","","Annual PM","","","","","","","","","","","","PERTH"
"6160","","","Norseman WIN","D","","","","","Annual PM","","","","","","","","","","","PERTH"
"6163","","","Wimmera Hill WIN","D","","","","Annual PM","","","","","","","","","","","","PERTH"
"6169","","","Wedgefield","D","","","","","","","","","Annual PM","","","","","","","PERTH"
"6176","","","Pinjarra RT","C","","","","","","","","","","","","","Annual PM","","","PERTH"
"6180","","","Mingenew","D","","","","","","","Annual PM","","","","","","","","","PERTH"
"6182","","","Wongan Hills Town","D","","","","","","Annual PM","","","","","","","","","","PERTH"
"6183","","","Mt Campbell GWN","D","","","","","","","Annual PM","","","","","","","","","PERTH"
"6191","","","Bickley TXA","A","","","","","","Annual PM","","","Quarterly PM","","","","","","","PERTH"
"6192","","","Burlong MF","D","","","","","","Annual PM","","","","","","","","","","PERTH"
"6194","","","Cull Rd MF","D","","","","","","","","","","","","","Annual PM","","","PERTH"
"6195","","","Gibbs Rd MF","D","","","","","","","","","","","","Annual PM","","","","PERTH"
"6197","","","Katanning MF","D","","","","","","","","","","","","","Annual PM","","","PERTH"
"6200","","","Koorda","D","","","","","","Annual PM","","","","","","","","","","PERTH"
"6201","","","Metricup MF","D","","","","","","","","","","","Annual PM","","","","","PERTH"
"6203","","","Mt Melville Telstra","D","","","","","","","","","","","","","Annual PM","","","PERTH"
"6204","","","Myrup Rd MF","D","","","","","Annual PM","","","","","","","","","","","PERTH"
"6205","","","Nangeenan MF","D","","","","Annual PM","","","","","","","","","","","","PERTH"
"6207","","","Narrogin MF","D","","","","","","","","","","","","","Annual PM","","","PERTH"
"6209","","","Parkeston MF","D","","","","","Annual PM","","","","","","","","","","","PERTH"
"6213","","","Wireless Hill Prime","D","","","","","Annual PM","","","","","","","","","","","PERTH"
"6214","","","Wireless Road Waterloo MF","B","","","","","6 Monthly PM","","","","","","Annual PM","","","","","PERTH"
"6215","","","Yornup MF","D","","","","","","","","","","","","Annual PM","","","","PERTH"
"6220","","","Narrogin WIN","E","","","","","","","","","","","Annual PM","","","","","PERTH"
"2003","","","Ashford","D","","","","","","","","Annual PM","","","","","","","","SOUTHQLD"
"2010","","","Browns Hill","D","","","","","","","","","","","Annual PM","","","","","SOUTHQLD"
"2032","","","The Gap Range","D","","","","","","","","Annual PM","","","","","","","","SOUTHQLD"
"2034","","","Carpenters Hill","D","","","","","","","","Annual PM","","","","","","","","SOUTHQLD"
"2035","","","Glen Innes MF","B","","","","","","","","","","","6 Monthly PM","","","Annual PM","","SOUTHQLD"
"2045","","","Inverell","D","","","","","","","","Annual PM","","","","","","","","SOUTHQLD"
"2054","","","Geneva Hill","D","","","","","","","","","","","Annual PM","","","","","SOUTHQLD"
"2056","","","Lawrence MF","B","","","","","Annual PM","","","","","","6 Monthly PM","","","","","SOUTHQLD"
"2074","","","Mt Mackenzie RT","C","","","","","","","","Annual PM","","","","","","","","SOUTHQLD"
"2076","","","Mt Nardi","B","","","","","Annual PM","","","","","","6 Monthly PM","","","","","SOUTHQLD"
"2084","","","Mungindi","D","","","","","Annual PM","","","","","","","","","","","SOUTHQLD"
"2098","","","Mt Springbrook","D","","","","Annual PM","","","","","","6 Monthly PM","","","","","","SOUTHQLD"
"2104","","","Terranora MF","D","","","","","","","","","Annual PM","","","","","6 Monthly PM","","SOUTHQLD"
"2180","","","Inverell Town","D","","","","","","","","Annual PM","","","","","","","","SOUTHQLD"
"2298","","","Devines Hill","D","","","","","","","","","","","Annual PM","","","","","SOUTHQLD"
"2303","","","Table Top Mountain","D","","","","","","","","Annual PM","","","","","","","","SOUTHQLD"
"2682","","","Carpenters Hill NBN","D","","","","","","","","Annual PM","","","","","","","","SOUTHQLD"
"2683","","","Mt Mackenzie","D","","","","","","","","Annual PM","","","","","","","","SOUTHQLD"
"2689","","","Byron Bay RBAH","E","","","","","","","","","","","Annual PM","","","","","SOUTHQLD"
"2693","","","Maclean Lookout","E","","","","","","","","","","","Annual PM","","","","","SOUTHQLD"
"2697","","","Mt Toolimbah RBAH","E","","","","","","","","Annual PM","","","","","","","","SOUTHQLD"
"4003","","","Augathella","D","","","","","","","","","","","","","","Annual PM","","SOUTHQLD"
"4006","","","Bald Hills MF","A","","","","","","","Annual PM","","","","","","Quarterly PM","","","SOUTHQLD"
"4007","","","Bald Knob","B","","","","","","6 Monthly PM","","","","","","Annual PM","","","","SOUTHQLD"
"4010","","","Barcoola Homestead","D","","","","","","","","","","","","Annual PM","","","","SOUTHQLD"
"4014","","","Black Mountain RT","B","","","","","","6 Monthly PM","","","","","","Annual PM","","","","SOUTHQLD"
"4030","","","Charleville","D","","","","","","","","Annual PM","","","","","","","","SOUTHQLD"
"4031","","","Warrego River MF","B","","","","","","","","Annual PM","","","","","","6 Monthly PM","","SOUTHQLD"
"4040","","","Cunnamulla","D","","","","","","","","","Annual PM","","","","","","","SOUTHQLD"
"4042","","","Dalby MF","B","","","","","","","","","6 Monthly PM","","","","","","Annual PM","SOUTHQLD"
"4045","","","Dirranbandi","D","","","","","Annual PM","","","","","","","","","","","SOUTHQLD"
"4046","","","Dulong Lookout","C","","","","","","","","","","","","","Annual PM","","","SOUTHQLD"
"4048","","","Reservoir Hill","D","","","","","","Annual PM","","","","","","","","","","SOUTHQLD"
"4049","","","Eidsvold MF","B","","","","","","Annual PM","","","","","","6 Monthly PM","","","","SOUTHQLD"
"4052","","","Farrell Lookout","D","","","","","","","","Annual PM","","","","","","","","SOUTHQLD"
"4054","","","Goondiwindi","D","","","","","Annual PM","","","","","","","","","","","SOUTHQLD"
"4060","","","Gympie MF","C","","","","","","Annual PM","","","","","","6 Monthly PM","","","","SOUTHQLD"
"4074","","","Lower Beechmont","B","","","","","6 Monthly PM","","","","","Annual PM","","","","","","SOUTHQLD"
"4084","","","Miles Hill RT","D","","","","","","Annual PM","","","","","","","","","","SOUTHQLD"
"4086","","","Mitchell Escarpment","D","","","","","","","","","","","","Annual PM","","","","SOUTHQLD"
"4087","","","Morven","D","","","","","","","","","","","","","","Annual PM","","SOUTHQLD"
"4094","","","Mt Coot-Tha","A","","","","Monthly PM","Monthly PM","","Monthly PM","Monthly PM","Quarterly PM","Monthly PM","Monthly PM","","Monthly PM","Monthly PM","Quarterly PM","SOUTHQLD"
"4097","","","Mt Goonaneman","B","","","","","","","","","Annual PM","","","","","6 Monthly PM","","SOUTHQLD"
"4101","","","Toowoomba WIN","B","","","","Annual PM","","","","","","6 Monthly PM","","","","","","SOUTHQLD"
"4104","","","Mt Mowbullan","B","","","","","","","","6 Monthly PM","","","","","","Annual PM","","SOUTHQLD"
"4108","","","Mt Tamborine","B","","","","","6 Monthly PM","","","","","","Annual PM","","","","","SOUTHQLD"
"4114","","","Passchendaele Ridge","B","","","","","Annual PM","","","","","","6 Monthly PM","","","","","SOUTHQLD"
"4118","","","Quilpie","D","","","","","","","","Annual PM","","","","","","","","SOUTHQLD"
"4124","","","Roma RT","D","","","","","","","","","","","","Annual PM","","","","SOUTHQLD"
"4131","","","St George","D","","","","","","","","","","","","","Annual PM","","","SOUTHQLD"
"4132","","","St George MF","B","","","","","","","","","6 Monthly PM","","","","Annual PM","","","SOUTHQLD"
"4133","","","Mt Walpanara","D","","","","","","","","","","","","","","Annual PM","","SOUTHQLD"
"4135","","","Taroom","D","","","","","","Annual PM","","","","","","","","","","SOUTHQLD"
"4137","","","Tewantin","D","","","","","","","","","","Annual PM","","","","","","SOUTHQLD"
"4138","","","Texas","D","","","","Annual PM","","","","","","","","","","","","SOUTHQLD"
"4142","","","Tingalpa MF","C","","","","","","","","","","","","","","Annual PM","","SOUTHQLD"
"4145","","","Tozer Hill","D","","","","","","Annual PM","","","","","","","","","","SOUTHQLD"
"4147","","","Wandoan","D","","","","","","Annual PM","","","","","","","","","","SOUTHQLD"
"4151","","","Yellowcap Ridge","D","","","","","","","","","","","","","","Annual PM","","SOUTHQLD"
"4160","","","Boonah","D","","","","Annual PM","","","","","","","","","","","","SOUTHQLD"
"4169","","","Warwick","C","","","","Annual PM","","","","","","","","","","","","SOUTHQLD"
"4170","","","Esk","D","","","","","","","","","","","Annual PM","","","","","SOUTHQLD"
"4175","","","Tara WIN","D","","","","","","","","","","","","","","Annual PM","","SOUTHQLD"
"4177","","","Murgon WIN","D","","","","","","","","","","","Annual PM","","","","","SOUTHQLD"
"4182","","","Bell","D","","","","","","","","","","","","","","","Annual PM","SOUTHQLD"
"4200","","","Ghost Hill","D","","","","","","","","","Annual PM","","","","","","","SOUTHQLD"
"4245","","","Mt Mee","","","","","","","","","","","","","","Annual PM","","","SOUTHQLD"
"4294","","","Mt Coot-Tha TXA Ten","A+","","","","","","","","","","","Annual PM","","","","Quarterly PM","SOUTHQLD"
"4300","","","Microwave Hill WIN","D","","","","","","Annual PM","","","","","","","","","","SOUTHQLD"
"4301","","","Picnic Point WIN","","","","","","Annual PM","","","","","","","","","","","SOUTHQLD"
"4309","","","Dundowran MF","B","","","","","","","","","Annual PM","","","","","","6 Monthly PM","SOUTHQLD"
"4318","","","Eastmans Ridge","C","","","","Annual PM","","","","","","","","","","","","SOUTHQLD"
"4319","","","Mt Kynoch","C","","","","Annual PM","","","","","","","","","","","","SOUTHQLD"
"4331","","","Cunnamulla Water Tower","D","","","","","","","","","Annual PM","","","","","","","SOUTHQLD"
"4345","","","Texas Axicom","D","","","","Annual PM","","","","","","","","","","","","SOUTHQLD"
"4349","","","Cooloola Cove","D","","","","","","","","","","Annual PM","","","","","","SOUTHQLD"
"4350","","","Peregian Beach","D","","","","","","","","","","Annual PM","","","","","","SOUTHQLD"
"4405","","","Charleville UHF","D","","","","","","","","Annual PM","","","","","","","","SOUTHQLD"
"4414","","","Glennie Street Drayton MF","B","","","","","Annual PM","","","","","","6 Monthly PM","","","","","SOUTHQLD"
"4416","","","Karingal Hill","D","","","","","","","","","","","","","","","Annual PM","SOUTHQLD"
"4422","","","Mt Marlay","D","","","","","Annual PM","","","","","","","","","","","SOUTHQLD"
"4425","","","Mt Mowbullan WIN","B","","","","","","","","6 Monthly PM","","","","","","Annual PM","","SOUTHQLD"
"4429","","","Roma UHF","D","","","","","","","","","","","","Annual PM","","","","SOUTHQLD"
"4431","","","Scrub Hill","C","","","","","","","","","Annual PM","","","","","","","SOUTHQLD"
"4433","","","Klinge Lane","D","","","","","","","","","","","","","Annual PM","","","SOUTHQLD"
"4435","","","Timbury Hill","D","","","","","","","","","","","","Annual PM","","","","SOUTHQLD"
"4436","","","Toowoomba Office","N1","","","","","Annual PM","","","","","","","","","","","SOUTHQLD"
"4437","","","Ushers Hill","C","","","","","","","","","","","Annual PM","","","","","SOUTHQLD"
"4440","","","Mitchell Escarpment Imparja","D","","","","","","","","","","","","Annual PM","","","","SOUTHQLD"
"4445","","","Point Arkwright RBAH","D","","","","","","","","","","Annual PM","","","","","","SOUTHQLD"
"4446","","","Rainbow Beach RBAH","E","","","","","","","","","","Annual PM","","","","","","SOUTHQLD"
"4447","","","Tin Can Bay RBAH","E","","","","","","","","","","Annual PM","","","","","","SOUTHQLD"
"7000","","","Bicheno","D","","","","","","","Annual PM","","","","","","","","","TASMANIA"
"7001","","","Companion Hill RT","D","","","","","","","","","","","","","Annual PM","","","TASMANIA"
"7003","","","Fingal MF","D","","","","","Annual PM","","","","","","","","","","","TASMANIA"
"7004","","","Gentle Annie Hill RT","D","","","","","","","","","","","","","","","Annual PM","TASMANIA"
"7007","","","Kelcey Tier","C","","","","","","","","","","","","Annual PM","","","","TASMANIA"
"7010","","","Juliana Street RT","D","","","","","","","","Annual PM","","","","","","","","TASMANIA"
"7011","","","Sisters Hill","D","","","","","Annual PM","","","","","","","","","","","TASMANIA"
"7012","","","Mt Barrow","B","","","","","","","","6 Monthly PM","","","","","","Annual PM","","TASMANIA"
"7013","","","Mt Cleveland","D","","","","","","","","","","","","","Annual PM","","","TASMANIA"
"7014","","","Mt Owen","D","","","","","","","","","","","","","Annual PM","","","TASMANIA"
"7015","","","Mt Read","D","","","","","","","","","","","","","Annual PM","","","TASMANIA"
"7016","","","Mt Wellington","A","","","","","Quarterly PM","","","6 Monthly PM","","","Quarterly PM","","","Annual PM","","TASMANIA"
"7017","","","Penguin","D","","","","","Annual PM","","","","","","","","","","","TASMANIA"
"7018","","","Queenstown MF","D","","","","","","","","","","","","","","Annual PM","","TASMANIA"
"7019","","","Ralphs Bay MF","A","","","","","Quarterly PM","","","Annual PM","","","Quarterly PM","","","6 Monthly PM","","TASMANIA"
"7020","","","Round Hill RT","C","","","","","Annual PM","","","","","","","","","","","TASMANIA"
"7021","","","South Sister Hill","D","","","","","","","","","","","","Annual PM","","","","TASMANIA"
"7022","","","St Helens MF","D","","","","","","","","Annual PM","","","","","","","","TASMANIA"
"7025","","","Table Cape","D","","","","","","","","","","","","Annual PM","","","","TASMANIA"
"7026","","","Tier Hill RT","D","","","","","","","Annual PM","","","","","","","","","TASMANIA"
"7027","","","Heazlewoods Hill","D","","","","","Annual PM","","","","","","","","","","","TASMANIA"
"7028","","","White Rock Point","D","","","","","","Annual PM","","","","","","","","","","TASMANIA"
"7029","","","Willis Hill","D","","","","","","","Annual PM","","","","","","","","","TASMANIA"
"7035","","","Gardens Road","D","","","","","","","","Annual PM","","","","","","","","TASMANIA"
"7036","","","Moreys Hill","D","","","","","","","Annual PM","","","","","","","","","TASMANIA"
"7037","","","Dover","D","","","","","","","","Annual PM","","","","","","","","TASMANIA"
"7038","","","Doodys Hill","D","","","","","","Annual PM","","","","","","","","","","TASMANIA"
"7039","","","Kings Hill Road","D","","","","","","Annual PM","","","","","","","","","","TASMANIA"
"7040","","","Swansea","D","","","","","","","Annual PM","","","","","","","","","TASMANIA"
"7041","","","Ocean Beach Road","D","","","","","","","","","","","","","Annual PM","","","TASMANIA"
"7042","","","Government Hills","C","","","","","","Annual PM","","","","","","","","","","TASMANIA"
"7043","","","Avoca","D","","","","","","","","","","","Annual PM","","","","","TASMANIA"
"7044","","","Gladstone","D","","","","","","","","Annual PM","","","","","","","","TASMANIA"
"7045","","","Derby","D","","","","","","","","","","","","Annual PM","","","","TASMANIA"
"7046","","","Weldborough Trig","D","","","","","","","","Annual PM","","","","","","","","TASMANIA"
"7048","","","Hillwood","D","","","","","","","","Annual PM","","","","","","","","TASMANIA"
"7049","","","Mt Claude","D","","","","","","","","","","","","Annual PM","","","","TASMANIA"
"7051","","","Browns Hill","D","","","","","","","","","","","Annual PM","","","","","TASMANIA"
"7052","","","Shepherds Hill","D","","","","","","Annual PM","","","","","","","","","","TASMANIA"
"7054","","","Mt Horror","D","","","","","","","","","","","","Annual PM","","","","TASMANIA"
"7058","","","Springfield South","D","","","","","","","","","","","Annual PM","","","","","TASMANIA"
"7059","","","Mangana","D","","","","","","","","","","","Annual PM","","","","","TASMANIA"
"7060","","","Sweets Hill","D","","","","","","","","Annual PM","","","","","","","","TASMANIA"
"7061","","","Single Hill WIN","D","","","","","","Annual PM","","","","","","","","","","TASMANIA"
"7062","","","Dover RSL","D","","","","","","","","Annual PM","","","","","","","","TASMANIA"
"7069","","","Gardners Ridge RT","D","","","","","","","Annual PM","","","","","","","","","TASMANIA"
"7072","","","Gumbowie Drive","D","","","","","","","","","","","","Annual PM","","","","TASMANIA"
"7074","","","Forth Site","R","","","","","","","","","","","Annual PM","","","","","TASMANIA"
"7086","","","Abbotts Lookout WIN","D","","","","","","Annual PM","","","","","","","","","","TASMANIA"
"7087","","","South Arm Road WIN","D","","","","","","Annual PM","","","","","","","","","","TASMANIA"
"7090","","","Mt Wellington WIN","B","","","","","","","","6 Monthly PM","","","","","","Annual PM","","TASMANIA"
"7100","","","Herringback RT","D","","","","","","Annual PM","","","","","","","","","","TASMANIA"
"7102","","","Round Hill SCA","D","","","","","Annual PM","","","","","","","","","","","TASMANIA"
"7103","","","Derby Commercial","D","","","","","","","","","","","","Annual PM","","","","TASMANIA"
"7104","","","Mt Barrow SCA","B","","","","","","","","6 Monthly PM","","","","","","Annual PM","","TASMANIA"
"7105","","","Willis Hill SCA","D","","","","","","","Annual PM","","","","","","","","","TASMANIA"
"1100","","","Flyaway kit","","","","","6 Monthly PM","","","","","","","","","","","","VICTORIA"
"2005","","","Balranald","D","","","","","Annual PM","","","","","","","","","","","VICTORIA"
"2026","","","Corowa MF","B","","","","","","","Annual PM","","","","","","6 Monthly PM","","","VICTORIA"
"2029","","","Deniliquin","D","","","","","","","","","","Annual PM","","","","","","VICTORIA"
"2044","","","Hay","D","","","","","","Annual PM","","","","","","","","","","VICTORIA"
"2046","","","Ivanhoe RT","D","","","","","","Annual PM","","","","","","","","","","VICTORIA"
"2047","","","Jerilderie","D","","","","","","","","","","Annual PM","","","","","","VICTORIA"
"2066","","","Mt Bingar","B","","","","","6 Monthly PM","","","","","","Annual PM","","","","","VICTORIA"
"2132","","","Willans Hill","C","","","","","","","Annual PM","","","","","","","","","VICTORIA"
"2142","","","Khancoban Hill","D","","","","Annual PM","","","","","","","","","","","","VICTORIA"
"2149","","","Balranald Exchange RT","D","","","","","Annual PM","","","","","","","","","","","VICTORIA"
"2168","","","One Tree Hill","D","","","","","","","","","","","","","","Annual PM","","VICTORIA"
"2177","","","Deniliquin South WIN","D","","","","","","","","","","Annual PM","","","","","","VICTORIA"
"2322","","","Tumbarumba","F","","","","Annual PM","","","","","","","","","","","","VICTORIA"
"2333","","","Jingellic","E","","","","Annual PM","","","","","","","","","","","","VICTORIA"
"2596","","","Brucedale MF","B","","","","","","Annual PM","","","","","","6 Monthly PM","","","","VICTORIA"
"2607","","","Junee RBAH","R","","","","","","","Annual PM","","","","","","","","","VICTORIA"
"2617","","","Narrandera RBAH","R","","","","","","Annual PM","","","","","","","","","","VICTORIA"
"2620","","","One Tree Hill Axicom","D","","","","","","","","","","","","","","Annual PM","","VICTORIA"
"2627","","","Wheel of Fortune","B","","","","","","Annual PM","","","","","","6 Monthly PM","","","","VICTORIA"
"2628","","","Widgelli MF","C","","","","","6 Monthly PM","","","","","","Annual PM","","","","","VICTORIA"
"2686","","","Wyalong RBAH","E","","","","","","","Annual PM","","","","","","","","","VICTORIA"
"2692","","","Hillston RBAH","D","","","","","","","","","","","Annual PM","","","","","VICTORIA"
"3000","","","Yarck","D","","","","","","","","Annual PM","","","","","","","","VICTORIA"
"3001","","","Apex Lookout","D","","","","","","","","","","","","","","Annual PM","","VICTORIA"
"3002","","","Arthurs Seat RT","D","","","","","Annual PM","","","","","","","","","","","VICTORIA"
"3003","","","Black Hill Reserve","D","","","","","","","","","","","","","Annual PM","","","VICTORIA"
"3004","","","Bonnie Doon","D","","","","","","","","Annual PM","","","","","","","","VICTORIA"
"3005","","","Tesbury Wayside","D","","","","","","","Annual PM","","","","","","","","","VICTORIA"
"3006","","","Craigieburn MF","A","","","","","Quarterly PM","","","6 Monthly PM","","","Quarterly PM","","","Annual PM","","VICTORIA"
"3007","","","Donalds Knob RT","D","","","","","","Annual PM","","","","","","","","","","VICTORIA"
"3010","","","Ferntree Gully","D","","","","","","","","","","","","","Annual PM","","","VICTORIA"
"3011","","","Flagstaff Hill RT","D","","","","","","","","","","","","","","Annual PM","","VICTORIA"
"3013","","","Goschen","B","","","","6 Monthly PM","","","","","","Annual PM","","","","","","VICTORIA"
"3015","","","Lakes Entrance","D","","","","","","Annual PM","","","","","","","","","","VICTORIA"
"3016","","","Longford MF","B","","","","","","Annual PM","","","","","","6 Monthly PM","","","","VICTORIA"
"3017","","","Lookout Hill","B","","","","","","6 Monthly PM","","","","","","Annual PM","","","","VICTORIA"
"3018","","","Lower Plenty MF","A","","","","","","6 Monthly PM","","","Quarterly PM","","","Annual PM","","","Quarterly PM","VICTORIA"
"3020","","","Mallacoota RT","D","","","","","","Annual PM","","","","","","","","","","VICTORIA"
"3021","","","Marysville","D","","","","","","","","","","","","","","Annual PM","","VICTORIA"
"3022","","","McKendry Hill","D","","","","","","Annual PM","","","","","","","","","","VICTORIA"
"3026","","","Mt Alexander","B","","","","","","Annual PM","","","","","","6 Monthly PM","","","","VICTORIA"
"3028","","","Mt Baranduda","B","","","","","","","6 Monthly PM","","","","","","Annual PM","","","VICTORIA"
"3029","","","Mt Clay","C","","","","","","","","Annual PM","","","","","","","","VICTORIA"
"3030","","","Mt Dandenong","A+","","","","Monthly PM","Monthly PM","Quarterly PM","Monthly PM","Monthly PM","Annual PM","Monthly PM","Monthly PM","Quarterly PM","Monthly PM","Monthly PM","6 Monthly PM","VICTORIA"
"3031","","","Mt Dundas","B","","","","","6 Monthly PM","","","","","","Annual PM","","","","","VICTORIA"
"3032","","","Mt Elliot","D","","","","","","","","","","","","","","Annual PM","","VICTORIA"
"3034","","","Mt Livingstone","D","","","","","","","","","","","","","","Annual PM","","VICTORIA"
"3035","","","Mt Major","B","","","","","","","Annual PM","","","","","","6 Monthly PM","","","VICTORIA"
"3036","","","Mt Raymond RT","D","","","","","","Annual PM","","","","","","","","","","VICTORIA"
"3038","","","Mt Tassie","B","","","","","Annual PM","","","","","","6 Monthly PM","","","","","VICTORIA"
"3039","","","Mt Victoria","D","","","","","","","","","","","","","","Annual PM","","VICTORIA"
"3040","","","Myrtleford","D","","","","","","","","","","","","","","Annual PM","","VICTORIA"
"3041","","","Omeo MF","D","","","","","","","","Quarterly ACU","","","","","","Annual PM","","VICTORIA"
"3044","","","Seeleys Hill","D","","","","","","Annual PM","","","","","","","","","","VICTORIA"
"3045","","","Meadows Hill WIN","C","","","","","","","","Annual PM","","","","","","","","VICTORIA"
"3047","","","Sydenham MF","A+","","","","","Quarterly PM","","","Annual PM","","","Quarterly PM","","","6 Monthly PM","","VICTORIA"
"3048","","","The Paps","D","","","","","","","","","Annual PM","","","","","","","VICTORIA"
"3050","","","Tower Hill","C","","","","","","","","","Annual PM","","","","","","","VICTORIA"
"3051","","","Upwey","D","","","","","","","","","","","","","Annual PM","","","VICTORIA"
"3052","","","Wangaratta MF","B","","","","","","","Annual PM","","","","","","6 Monthly PM","","","VICTORIA"
"3053","","","Warrion Hill","C","","","","","","","Annual PM","","","","","","","","","VICTORIA"
"3054","","","Warrnambool MF","C","","","","","","","","","Annual PM","","","","","","6 Monthly PM","VICTORIA"
"3055","","","Wightmans Hill","D","","","","","","","","Annual PM","","","","","","","","VICTORIA"
"3056","","","Wodonga MF","C","","","","","","","Annual PM","","","","","","6 Monthly PM","","","VICTORIA"
"3057","","","Yatpool","B","","","","6 Monthly PM","","","","","","","Annual PM","","","","","VICTORIA"
"3058","","","Constitution Hill","D","","","","","","","","Annual PM","","","","","","","","VICTORIA"
"3059","","","Mt Taylor","C","","","","","Annual PM","","","","","","","","","","","VICTORIA"
"3063","","","Mt Nowa Nowa","D","","","","","","Annual PM","","","","","","","","","","VICTORIA"
"3064","","","Jennings Hill","D","","","","","Annual PM","","","","","","","","","","","VICTORIA"
"3065","","","Mills Trig","C","","","","Annual PM","","","","","","","","","","","","VICTORIA"
"3067","","","Foster North","D","","","","Annual PM","","","","","","","","","","","","VICTORIA"
"3068","","","Como Building","B","","","","","","","6 Monthly PM","","","","","","Annual PM","","","VICTORIA"
"3069","","","Maramingo Hill RT","D","","","","","","Annual PM","","","","","","","","","","VICTORIA"
"3070","","","Hill 030","D","","","","","","","","","","","","","","Annual PM","","VICTORIA"
"3071","","","Rennies Hill","D","","","","","","","","Annual PM","","","","","","","","VICTORIA"
"3076","","","Dog Hill","D","","","","","","","","Annual PM","","","","","","","","VICTORIA"
"3079","","","Boolarra Site","R","","","","Annual PM","","","","","","","","","","","","VICTORIA"
"3081","","","Mt Beauty","D","","","","","","","","","","","","","","Annual PM","","VICTORIA"
"3082","","","Mt William WIN","D","","","","","","","Annual PM","","","","","","","","","VICTORIA"
"3085","","","Apollo Bay","D","","","","Annual PM","","","","","","","","","","","","VICTORIA"
"3086","","","Lorne RT","D","","","","Annual PM","","","","","","","","","","","","VICTORIA"
"3087","","","Warrnambool City WIN","D","","","","","","","","","Annual PM","","","","","","","VICTORIA"
"3097","","","Mt Dandenong TXA Ornata Road","A+","","","","","","Quarterly PM","","","Annual PM","","","Quarterly PM","","","6 Monthly PM","VICTORIA"
"3126","","","Rosebud","D","","","","","Annual PM","","","","","","","","","","","VICTORIA"
"3142","","","Hill 480 Prime","D","","","","","","","","Annual PM","","","","","","","","VICTORIA"
"3143","","","Jones Ridge WIN","","","","","","","","","","","","","Annual PM","","","","VICTORIA"
"3145","","","Mt Kerang WIN","","","","","","","","","","","","","Annual PM","","","","VICTORIA"
"3146","","","Mt Rouse WIN","D","","","","","","","","","","","","","","","Annual PM","VICTORIA"
"3147","","","Mt Stanley Prime","D","","","","","","","","","","","","","Annual PM","","","VICTORIA"
"3148","","","Mt Terrible WIN","D","","","","","","","","","","","","","","Annual PM","","VICTORIA"
"3149","","","Mt Wombat WIN","D","","","","","","","","","","","","","","Annual PM","","VICTORIA"
"3150","","","Quambatook WIN","D","","","","","","","","","","","","Annual PM","","","","VICTORIA"
"3171","","","Mt Warrenheip","C","","","","","","","","Annual PM","","","","","","","","VICTORIA"
"3175","","","Mt Hickey","D","","","","","","","","Annual PM","","","","","","","","VICTORIA"
"3199","","","Bayview Ave RBAH","R","","","","","Annual PM","","","","","","","","","","","VICTORIA"
"3200","","","Big Hill","C","","","","","","","","","","","","","","Annual PM","","VICTORIA"
"3202","","","Coalville","N1","","","","Annual PM","","","","","","","","","","","","VICTORIA"
"3203","","","Devils River","D","","","","","","","","","","Annual PM","","","","","","VICTORIA"
"3204","","","Earls Road RBAH","R","","","","Annual PM","","","","","","","","","","","","VICTORIA"
"3205","","","Falls Creek","D","","","","","","","","","","","","","","Annual PM","","VICTORIA"
"3207","","","Haunted Hills RBAH","R","","","","Annual PM","","","","","","","","","","","","VICTORIA"
"3209","","","Mt Hollowback WIN","D","","","","","","","","","","","","Annual PM","","","","VICTORIA"
"3210","","","Hunters Knob IBL","D","","","","","","","","","","","","","","Annual PM","","VICTORIA"
"3212","","","Maramingo Hill WIN","D","","","","","","Annual PM","","","","","","","","","","VICTORIA"
"3214","","","Mt Alexander Axicom","B","","","","","","Annual PM","","","","","","6 Monthly PM","","","","VICTORIA"
"3215","","","Mt Broughton","D","","","","","","","","","","Annual PM","","","","","","VICTORIA"
"3217","","","Mt Major Axicom","B","","","","","","","Annual PM","","","","","","6 Monthly PM","","","VICTORIA"
"3220","","","Mt Tassie Axicom","B","","","","","Annual PM","","","","","","6 Monthly PM","","","","","VICTORIA"
"3222","","","Sam Hill","D","","","","","","","","","","","","","","Annual PM","","VICTORIA"
"3225","","","Silcocks RBAH","R","","","","Annual PM","","","","","","","","","","","","VICTORIA"
"3226","","","The Paps Weeks","D","","","","","","","","","Annual PM","","","","","","","VICTORIA"
"3227","","","Tyers","D","","","","Annual PM","","","","","","","","","","","","VICTORIA"
"3228","","","Yarragon Road Allambee","B","","","","","Annual PM","","","","","","6 Monthly PM","","","","","VICTORIA"
"3230","","","Birchip RBAH","E","","","","","","","Annual PM","","","","","","","","","VICTORIA"
"3231","","","Charlton RBAH","E","","","","","","","Annual PM","","","","","","","","","VICTORIA"
"3232","","","Cohuna RBAH","E","","","","","","","Annual PM","","","","","","","","","VICTORIA"
"3233","","","Koondrook RBAH","E","","","","","","","Annual PM","","","","","","","","","VICTORIA"
"3235","","","Robinvale RBAH","E","","","","","","","","","","","","Annual PM","","","","VICTORIA"
"3238","","","Wycheproof RBAH","E","","","","","","","Annual PM","","","","","","","","","VICTORIA"
"3239","","","Mt Major WIN","B","","","","","","","Annual PM","","","","","","6 Monthly PM","","","VICTORIA"
"3240","","","Ballarat North","E","","","","","","","","Annual PM","","","","","","","","VICTORIA"
"3241","","","Mt Cowley RT","D","","","","Annual PM","","","","","","","","","","","","VICTORIA"
"3242","","","Terang RBAH","E","","","","Annual PM","","","","","","","","","","","","VICTORIA"
"3243","","","Mt Tanybryn RT","D","","","","Annual PM","","","","","","","","","","","","VICTORIA"
"3244","","","Timboon RBAH","E","","","","Annual PM","","","","","","","","","","","","VICTORIA"
"3245","","","Mt Sabine RBAH","E","","","","Annual PM","","","","","","","","","","","","VICTORIA"
"3246","","","Shepparton South WIN","D","","","","","","","","","","","","Annual PM","","","","VICTORIA"
"3248","","","Glenthompson WIN","D","","","","","","","","","","","","Annual PM","","","","VICTORIA"
"3249","","","Mt Moliagul WIN","D","","","","","","","","","","","","Annual PM","","","","VICTORIA"
